<?xml version="1.0" encoding="UTF-8"?>
<export version="D">
  <design>
    <source>D:\GitHub\TheONETXModule\PCB\TheONETXModule.sch</source>
    <date>04.03.2018 23:54:47</date>
    <tool>Eeschema 4.0.7</tool>
    <sheet number="1" name="/" tstamps="/">
      <title_block>
        <title/>
        <company/>
        <rev/>
        <date/>
        <source>TheONETXModule.sch</source>
        <comment number="1" value=""/>
        <comment number="2" value=""/>
        <comment number="3" value=""/>
        <comment number="4" value=""/>
      </title_block>
    </sheet>
  </design>
  <components>
    <comp ref="J1">
      <value>Conn_01x05_Female</value>
      <footprint>Pin_Headers:Pin_Header_Straight_1x05_Pitch2.54mm</footprint>
      <libsource lib="TheONETXParts" part="Conn_01x05_Female"/>
      <sheetpath names="/" tstamps="/"/>
      <tstamp>5A918030</tstamp>
    </comp>
    <comp ref="R1">
      <value>2.2K</value>
      <footprint>Resistors_THT:R_Axial_DIN0204_L3.6mm_D1.6mm_P5.08mm_Horizontal</footprint>
      <libsource lib="Multipro-txV2-3d-cache" part="R"/>
      <sheetpath names="/" tstamps="/"/>
      <tstamp>5A918115</tstamp>
    </comp>
    <comp ref="R2">
      <value>10K</value>
      <footprint>Resistors_THT:R_Axial_DIN0204_L3.6mm_D1.6mm_P5.08mm_Horizontal</footprint>
      <libsource lib="Multipro-txV2-3d-cache" part="R"/>
      <sheetpath names="/" tstamps="/"/>
      <tstamp>5A918145</tstamp>
    </comp>
    <comp ref="U2">
      <value>LM1117-3.3</value>
      <footprint>TO_SOT_Packages_THT:TO-220-3_Horizontal</footprint>
      <libsource lib="regul" part="LM1117-3.3"/>
      <sheetpath names="/" tstamps="/"/>
      <tstamp>5A94B3EA</tstamp>
    </comp>
    <comp ref="U1">
      <value>LM1117-5.0</value>
      <footprint>TO_SOT_Packages_THT:TO-220-3_Horizontal</footprint>
      <libsource lib="regul" part="LM1117-5.0"/>
      <sheetpath names="/" tstamps="/"/>
      <tstamp>5A94B409</tstamp>
    </comp>
    <comp ref="22uF1">
      <value>CP1</value>
      <footprint>Capacitors_THT:CP_Radial_D4.0mm_P2.00mm</footprint>
      <libsource lib="Multipro-txV2-3d-cache" part="CP1"/>
      <sheetpath names="/" tstamps="/"/>
      <tstamp>5A94B537</tstamp>
    </comp>
    <comp ref="22uF2">
      <value>CP1</value>
      <footprint>Capacitors_THT:CP_Radial_D4.0mm_P2.00mm</footprint>
      <libsource lib="Multipro-txV2-3d-cache" part="CP1"/>
      <sheetpath names="/" tstamps="/"/>
      <tstamp>5A94B57A</tstamp>
    </comp>
    <comp ref="22uF3">
      <value>CP1</value>
      <footprint>Capacitors_THT:CP_Radial_D4.0mm_P2.00mm</footprint>
      <libsource lib="Multipro-txV2-3d-cache" part="CP1"/>
      <sheetpath names="/" tstamps="/"/>
      <tstamp>5A94B5A5</tstamp>
    </comp>
    <comp ref="D1">
      <value>LED</value>
      <footprint>LEDs:LED_D3.0mm</footprint>
      <libsource lib="Multipro-txV2-3d-cache" part="LED"/>
      <sheetpath names="/" tstamps="/"/>
      <tstamp>5A94BC0E</tstamp>
    </comp>
    <comp ref="T1">
      <value>A7105-Hubsan</value>
      <footprint>customs:A7105</footprint>
      <libsource lib="TheONETXParts" part="A7105-Hubsan"/>
      <sheetpath names="/" tstamps="/"/>
      <tstamp>5A94D31E</tstamp>
    </comp>
    <comp ref="U3">
      <value>NRF24L01</value>
      <footprint>customs:NRF24L01_PA</footprint>
      <libsource lib="TheONETXModule-cache" part="NRF24L01"/>
      <sheetpath names="/" tstamps="/"/>
      <tstamp>5A94D611</tstamp>
    </comp>
    <comp ref="SW1">
      <value>Bind Button</value>
      <footprint>Buttons_Switches_THT:SW_PUSH_6mm_h4.3mm</footprint>
      <libsource lib="switches" part="SW_Push"/>
      <sheetpath names="/" tstamps="/"/>
      <tstamp>5A94F50A</tstamp>
    </comp>
    <comp ref="R3">
      <value>1K</value>
      <footprint>Resistors_THT:R_Axial_DIN0204_L3.6mm_D1.6mm_P5.08mm_Horizontal</footprint>
      <libsource lib="Multipro-txV2-3d-cache" part="R"/>
      <sheetpath names="/" tstamps="/"/>
      <tstamp>5A95D6C1</tstamp>
    </comp>
    <comp ref="U4">
      <value>LogicShift</value>
      <footprint>customs:4Ch-LogicShift</footprint>
      <libsource lib="TheONETXParts" part="LogicShift"/>
      <sheetpath names="/" tstamps="/"/>
      <tstamp>5A986367</tstamp>
    </comp>
    <comp ref="R4">
      <value>20K</value>
      <footprint>Resistors_THT:R_Axial_DIN0204_L3.6mm_D1.6mm_P5.08mm_Horizontal</footprint>
      <libsource lib="Multipro-txV2-3d-cache" part="R"/>
      <sheetpath names="/" tstamps="/"/>
      <tstamp>5A986C80</tstamp>
    </comp>
    <comp ref="SW2">
      <value>HEX_DIP</value>
      <footprint>Buttons_Switches_THT:SW_DIP_x3_W7.62mm_Slide_LowProfile</footprint>
      <libsource lib="Multipro-txV2-3d-cache" part="HEX_DIP"/>
      <sheetpath names="/" tstamps="/"/>
      <tstamp>5A9B4633</tstamp>
    </comp>
    <comp ref="D2">
      <value>LED</value>
      <footprint>LEDs:LED_D3.0mm</footprint>
      <libsource lib="Multipro-txV2-3d-cache" part="LED"/>
      <sheetpath names="/" tstamps="/"/>
      <tstamp>5A9B5BF8</tstamp>
    </comp>
    <comp ref="CON1">
      <value>AVR-ISP-6</value>
      <footprint>Pin_Headers:Pin_Header_Straight_2x03_Pitch2.54mm</footprint>
      <libsource lib="atmel" part="AVR-ISP-6"/>
      <sheetpath names="/" tstamps="/"/>
      <tstamp>5A9B721C</tstamp>
    </comp>
    <comp ref="R6">
      <value>1K</value>
      <footprint>Resistors_THT:R_Axial_DIN0204_L3.6mm_D1.6mm_P5.08mm_Horizontal</footprint>
      <libsource lib="Multipro-txV2-3d-cache" part="R"/>
      <sheetpath names="/" tstamps="/"/>
      <tstamp>5A9B8B03</tstamp>
    </comp>
    <comp ref="A1">
      <value>Arduino_Nano_v3.x</value>
      <footprint>Modules:Arduino_Nano_WithMountingHoles</footprint>
      <libsource lib="modules" part="Arduino_Nano_v3.x"/>
      <sheetpath names="/" tstamps="/"/>
      <tstamp>5A9C6EAC</tstamp>
    </comp>
    <comp ref="R5">
      <value>50K</value>
      <footprint>Resistors_THT:R_Axial_DIN0204_L3.6mm_D1.6mm_P5.08mm_Horizontal</footprint>
      <libsource lib="Multipro-txV2-3d-cache" part="R"/>
      <sheetpath names="/" tstamps="/"/>
      <tstamp>5A9C879C</tstamp>
    </comp>
    <comp ref="R7">
      <value>100K</value>
      <footprint>Resistors_THT:R_Axial_DIN0204_L3.6mm_D1.6mm_P5.08mm_Horizontal</footprint>
      <libsource lib="Multipro-txV2-3d-cache" part="R"/>
      <sheetpath names="/" tstamps="/"/>
      <tstamp>5A9C89F0</tstamp>
    </comp>
  </components>
  <libparts>
    <libpart lib="TheONETXParts" part="A7105-Hubsan">
      <fields>
        <field name="Reference">T</field>
        <field name="Value">A7105-Hubsan</field>
      </fields>
      <pins>
        <pin num="1" name="3.3V" type="input"/>
        <pin num="2" name="RX" type="input"/>
        <pin num="3" name="TX" type="input"/>
        <pin num="4" name="GIO1" type="input"/>
        <pin num="5" name="SDIO" type="input"/>
        <pin num="6" name="SCK" type="input"/>
        <pin num="7" name="SCS" type="input"/>
        <pin num="8" name="GND" type="input"/>
      </pins>
    </libpart>
    <libpart lib="atmel" part="AVR-ISP-6">
      <description>Standard IDC6 Male Connector, ATMEL ISP 6pin</description>
      <fields>
        <field name="Reference">CON</field>
        <field name="Value">AVR-ISP-6</field>
        <field name="Footprint">AVR-ISP-6</field>
      </fields>
      <pins>
        <pin num="1" name="~" type="passive"/>
        <pin num="2" name="~" type="passive"/>
        <pin num="3" name="~" type="passive"/>
        <pin num="4" name="~" type="passive"/>
        <pin num="5" name="~" type="passive"/>
        <pin num="6" name="~" type="passive"/>
      </pins>
    </libpart>
    <libpart lib="modules" part="Arduino_Nano_v3.x">
      <aliases>
        <alias>Arduino_Nano_v2.x</alias>
      </aliases>
      <description>Arduino Nano v3.x</description>
      <docs>http://www.mouser.com/pdfdocs/Gravitech_Arduino_Nano3_0.pdf</docs>
      <footprints>
        <fp>Arduino*Nano*</fp>
      </footprints>
      <fields>
        <field name="Reference">A</field>
        <field name="Value">Arduino_Nano_v3.x</field>
        <field name="Footprint">Modules:Arduino_Nano</field>
      </fields>
      <pins>
        <pin num="1" name="D1/TX" type="BiDi"/>
        <pin num="2" name="D0/RX" type="BiDi"/>
        <pin num="3" name="RESET" type="input"/>
        <pin num="4" name="GND" type="power_in"/>
        <pin num="5" name="D2" type="BiDi"/>
        <pin num="6" name="D3" type="BiDi"/>
        <pin num="7" name="D4" type="BiDi"/>
        <pin num="8" name="D5" type="BiDi"/>
        <pin num="9" name="D6" type="BiDi"/>
        <pin num="10" name="D7" type="BiDi"/>
        <pin num="11" name="D8" type="BiDi"/>
        <pin num="12" name="D9" type="BiDi"/>
        <pin num="13" name="D10" type="BiDi"/>
        <pin num="14" name="D11" type="BiDi"/>
        <pin num="15" name="D12" type="BiDi"/>
        <pin num="16" name="D13" type="BiDi"/>
        <pin num="17" name="3V3" type="power_out"/>
        <pin num="18" name="AREF" type="input"/>
        <pin num="19" name="A0" type="BiDi"/>
        <pin num="20" name="A1" type="BiDi"/>
        <pin num="21" name="A2" type="BiDi"/>
        <pin num="22" name="A3" type="BiDi"/>
        <pin num="23" name="A4" type="BiDi"/>
        <pin num="24" name="A5" type="BiDi"/>
        <pin num="25" name="A6" type="BiDi"/>
        <pin num="26" name="A7" type="BiDi"/>
        <pin num="27" name="+5V" type="power_out"/>
        <pin num="28" name="RESET" type="input"/>
        <pin num="29" name="GND" type="power_in"/>
        <pin num="30" name="VIN" type="power_in"/>
      </pins>
    </libpart>
    <libpart lib="Multipro-txV2-3d-cache" part="CP1">
      <footprints>
        <fp>CP_*</fp>
      </footprints>
      <fields>
        <field name="Reference">C</field>
        <field name="Value">CP1</field>
      </fields>
      <pins>
        <pin num="1" name="~" type="passive"/>
        <pin num="2" name="~" type="passive"/>
      </pins>
    </libpart>
    <libpart lib="TheONETXParts" part="Conn_01x05_Female">
      <description>Generic connector, single row, 01x05</description>
      <docs>~</docs>
      <footprints>
        <fp>Connector*:*_??x*mm*</fp>
        <fp>Connector*:*1x??x*mm*</fp>
        <fp>Socket?Strip?Straight?1X*</fp>
        <fp>Socket?Strip?Angled?1X*</fp>
      </footprints>
      <fields>
        <field name="Reference">J</field>
        <field name="Value">Conn_01x05_Female</field>
      </fields>
      <pins>
        <pin num="1" name="Pin_1" type="passive"/>
        <pin num="2" name="Pin_2" type="NotConnected"/>
        <pin num="3" name="Pin_3" type="power_out"/>
        <pin num="4" name="Pin_4" type="power_in"/>
        <pin num="5" name="Pin_5" type="NotConnected"/>
      </pins>
    </libpart>
    <libpart lib="Multipro-txV2-3d-cache" part="HEX_DIP">
      <fields>
        <field name="Reference">SW</field>
        <field name="Value">HEX_DIP</field>
      </fields>
      <pins>
        <pin num="1" name="1" type="output"/>
        <pin num="2" name="C" type="passive"/>
        <pin num="3" name="4" type="output"/>
        <pin num="4" name="2" type="output"/>
        <pin num="5" name="C" type="passive"/>
        <pin num="6" name="8" type="output"/>
      </pins>
    </libpart>
    <libpart lib="Multipro-txV2-3d-cache" part="LED">
      <footprints>
        <fp>LED*</fp>
      </footprints>
      <fields>
        <field name="Reference">D</field>
        <field name="Value">LED</field>
      </fields>
      <pins>
        <pin num="1" name="K" type="passive"/>
        <pin num="2" name="A" type="passive"/>
      </pins>
    </libpart>
    <libpart lib="regul" part="LM1117-1.8">
      <aliases>
        <alias>LM1117-2.5</alias>
        <alias>LM1117-3.3</alias>
        <alias>LM1117-5.0</alias>
        <alias>TLV1117-15</alias>
        <alias>TLV1117-18</alias>
        <alias>TLV1117-25</alias>
        <alias>TLV1117-33</alias>
        <alias>TLV1117-50</alias>
      </aliases>
      <description>800mA Low-Dropout Linear Regulator, 1.8V fixed output, TO-220/TO-252/TO-263/SOT-223</description>
      <docs>http://www.ti.com/lit/ds/symlink/lm1117.pdf</docs>
      <footprints>
        <fp>SOT?223*</fp>
        <fp>TO?263*</fp>
        <fp>TO?252*</fp>
        <fp>TO?220*</fp>
      </footprints>
      <fields>
        <field name="Reference">U</field>
        <field name="Value">LM1117-1.8</field>
      </fields>
      <pins>
        <pin num="1" name="GND" type="power_in"/>
        <pin num="2" name="VO" type="power_out"/>
        <pin num="3" name="VI" type="power_in"/>
      </pins>
    </libpart>
    <libpart lib="TheONETXParts" part="LogicShift">
      <fields>
        <field name="Reference">U</field>
        <field name="Value">LogicShift</field>
      </fields>
      <pins>
        <pin num="GND" name="GND" type="BiDi"/>
        <pin num="HV" name="HV" type="BiDi"/>
        <pin num="HV1" name="HV1" type="BiDi"/>
        <pin num="HV2" name="HV2" type="BiDi"/>
        <pin num="HV3" name="HV3" type="BiDi"/>
        <pin num="HV4" name="HV4" type="BiDi"/>
        <pin num="LV" name="LV" type="BiDi"/>
        <pin num="LV1" name="LV1" type="BiDi"/>
        <pin num="LV2" name="LV2" type="BiDi"/>
        <pin num="LV3" name="LV3" type="BiDi"/>
        <pin num="LV4" name="LV4" type="BiDi"/>
      </pins>
    </libpart>
    <libpart lib="TheONETXModule-cache" part="NRF24L01">
      <fields>
        <field name="Reference">U</field>
        <field name="Value">NRF24L01</field>
      </fields>
      <pins>
        <pin num="1" name="GND" type="input"/>
        <pin num="2" name="3V3" type="input"/>
        <pin num="3" name="CE" type="input"/>
        <pin num="4" name="CSN" type="input"/>
        <pin num="5" name="SCK" type="input"/>
        <pin num="6" name="MOSI" type="input"/>
        <pin num="7" name="MISO" type="input"/>
        <pin num="8" name="IRQ" type="BiDi"/>
      </pins>
    </libpart>
    <libpart lib="Multipro-txV2-3d-cache" part="R">
      <footprints>
        <fp>R_*</fp>
        <fp>R_*</fp>
      </footprints>
      <fields>
        <field name="Reference">R</field>
        <field name="Value">R</field>
      </fields>
      <pins>
        <pin num="1" name="~" type="passive"/>
        <pin num="2" name="~" type="passive"/>
      </pins>
    </libpart>
    <libpart lib="switches" part="SW_Push">
      <description>Push button switch, generic, two pins</description>
      <fields>
        <field name="Reference">SW</field>
        <field name="Value">SW_Push</field>
      </fields>
      <pins>
        <pin num="1" name="1" type="passive"/>
        <pin num="2" name="2" type="passive"/>
      </pins>
    </libpart>
  </libparts>
  <libraries>
    <library logical="TheONETXModule-cache">
      <uri>D:\GitHub\TheONETXModule\PCB\TheONETXModule-cache.lib</uri>
    </library>
    <library logical="modules">
      <uri>C:\Program Files\KiCad\share\kicad\library\modules.lib</uri>
    </library>
    <library logical="regul">
      <uri>C:\Program Files\KiCad\share\kicad\library\regul.lib</uri>
    </library>
    <library logical="switches">
      <uri>C:\Program Files\KiCad\share\kicad\library\switches.lib</uri>
    </library>
    <library logical="TheONETXParts">
      <uri>D:\GitHub\TheONETXModule\PCB\TheONETXParts.lib</uri>
    </library>
    <library logical="Multipro-txV2-3d-cache">
      <uri>C:\temp\DIY-Multiprotocol-TX-Module\PCB v2.3d\Multipro-txV2-3d-cache.lib</uri>
    </library>
    <library logical="atmel">
      <uri>C:\Program Files\KiCad\share\kicad\library\atmel.lib</uri>
    </library>
  </libraries>
  <nets>
    <net code="1" name="/VBAT+">
      <node ref="U1" pin="3"/>
      <node ref="J1" pin="3"/>
      <node ref="22uF1" pin="1"/>
    </net>
    <net code="2" name="/MOSI_LV">
      <node ref="U4" pin="LV4"/>
      <node ref="T1" pin="5"/>
      <node ref="U3" pin="6"/>
    </net>
    <net code="3" name="/SCK_LV">
      <node ref="U3" pin="5"/>
      <node ref="T1" pin="6"/>
      <node ref="U4" pin="LV2"/>
    </net>
    <net code="4" name="/A7105_CS_LV">
      <node ref="T1" pin="7"/>
      <node ref="U4" pin="LV1"/>
    </net>
    <net code="5" name="/MISO_LV">
      <node ref="U4" pin="LV3"/>
      <node ref="U3" pin="7"/>
    </net>
    <net code="6" name="/D10">
      <node ref="SW2" pin="1"/>
      <node ref="A1" pin="13"/>
    </net>
    <net code="7" name="/A0">
      <node ref="SW2" pin="6"/>
      <node ref="A1" pin="19"/>
    </net>
    <net code="8" name="Net-(A1-Pad28)">
      <node ref="A1" pin="28"/>
    </net>
    <net code="9" name="Net-(A1-Pad18)">
      <node ref="A1" pin="18"/>
    </net>
    <net code="10" name="Net-(A1-Pad27)">
      <node ref="A1" pin="27"/>
    </net>
    <net code="11" name="Net-(A1-Pad17)">
      <node ref="A1" pin="17"/>
    </net>
    <net code="12" name="Net-(A1-Pad26)">
      <node ref="A1" pin="26"/>
    </net>
    <net code="13" name="Net-(A1-Pad25)">
      <node ref="A1" pin="25"/>
    </net>
    <net code="14" name="Net-(A1-Pad24)">
      <node ref="A1" pin="24"/>
    </net>
    <net code="15" name="Net-(A1-Pad23)">
      <node ref="A1" pin="23"/>
    </net>
    <net code="16" name="Net-(A1-Pad22)">
      <node ref="A1" pin="22"/>
    </net>
    <net code="17" name="Net-(A1-Pad12)">
      <node ref="A1" pin="12"/>
    </net>
    <net code="18" name="Net-(A1-Pad21)">
      <node ref="A1" pin="21"/>
    </net>
    <net code="19" name="/3.3V">
      <node ref="U3" pin="2"/>
      <node ref="R4" pin="1"/>
      <node ref="CON1" pin="2"/>
      <node ref="22uF3" pin="1"/>
      <node ref="T1" pin="1"/>
      <node ref="U2" pin="2"/>
      <node ref="U4" pin="LV"/>
    </net>
    <net code="20" name="/NRF24_CS_LV">
      <node ref="R7" pin="1"/>
      <node ref="R5" pin="2"/>
      <node ref="U3" pin="4"/>
    </net>
    <net code="21" name="/MISO">
      <node ref="U4" pin="HV3"/>
      <node ref="A1" pin="9"/>
    </net>
    <net code="22" name="/SCK">
      <node ref="U4" pin="HV2"/>
      <node ref="A1" pin="7"/>
    </net>
    <net code="23" name="/A7105_CS">
      <node ref="A1" pin="5"/>
      <node ref="U4" pin="HV1"/>
    </net>
    <net code="24" name="Net-(D2-Pad2)">
      <node ref="R3" pin="2"/>
      <node ref="D2" pin="2"/>
    </net>
    <net code="25" name="Net-(D1-Pad2)">
      <node ref="D1" pin="2"/>
      <node ref="R6" pin="2"/>
    </net>
    <net code="26" name="/MOSI">
      <node ref="A1" pin="8"/>
      <node ref="U4" pin="HV4"/>
    </net>
    <net code="27" name="GND">
      <node ref="22uF3" pin="2"/>
      <node ref="A1" pin="4"/>
      <node ref="SW1" pin="2"/>
      <node ref="A1" pin="29"/>
      <node ref="D1" pin="1"/>
      <node ref="U2" pin="1"/>
      <node ref="CON1" pin="6"/>
      <node ref="D2" pin="1"/>
      <node ref="J1" pin="4"/>
      <node ref="U1" pin="1"/>
      <node ref="22uF1" pin="2"/>
      <node ref="R2" pin="2"/>
      <node ref="22uF2" pin="2"/>
      <node ref="SW2" pin="5"/>
      <node ref="SW2" pin="2"/>
      <node ref="R7" pin="2"/>
      <node ref="T1" pin="8"/>
      <node ref="U3" pin="1"/>
      <node ref="U4" pin="GND"/>
    </net>
    <net code="28" name="/NRF24_CS">
      <node ref="R5" pin="1"/>
      <node ref="A1" pin="11"/>
    </net>
    <net code="29" name="Net-(A1-Pad3)">
      <node ref="A1" pin="3"/>
    </net>
    <net code="30" name="Net-(A1-Pad10)">
      <node ref="A1" pin="10"/>
    </net>
    <net code="31" name="Net-(A1-Pad1)">
      <node ref="A1" pin="1"/>
    </net>
    <net code="32" name="Net-(A1-Pad2)">
      <node ref="A1" pin="2"/>
    </net>
    <net code="33" name="Net-(U3-Pad8)">
      <node ref="U3" pin="8"/>
    </net>
    <net code="34" name="/5V">
      <node ref="R6" pin="1"/>
      <node ref="U4" pin="HV"/>
      <node ref="U1" pin="2"/>
      <node ref="U2" pin="3"/>
      <node ref="A1" pin="30"/>
      <node ref="22uF2" pin="1"/>
    </net>
    <net code="35" name="Net-(A1-Pad20)">
      <node ref="A1" pin="20"/>
    </net>
    <net code="36" name="/NRF24_CE">
      <node ref="R4" pin="2"/>
      <node ref="U3" pin="3"/>
    </net>
    <net code="37" name="Net-(T1-Pad4)">
      <node ref="T1" pin="4"/>
    </net>
    <net code="38" name="Net-(T1-Pad3)">
      <node ref="T1" pin="3"/>
    </net>
    <net code="39" name="Net-(T1-Pad2)">
      <node ref="T1" pin="2"/>
    </net>
    <net code="40" name="Net-(J1-Pad1)">
      <node ref="J1" pin="1"/>
      <node ref="R1" pin="2"/>
      <node ref="R2" pin="1"/>
    </net>
    <net code="41" name="Net-(J1-Pad5)">
      <node ref="J1" pin="5"/>
    </net>
    <net code="42" name="Net-(J1-Pad2)">
      <node ref="J1" pin="2"/>
    </net>
    <net code="43" name="/PB5">
      <node ref="R3" pin="1"/>
      <node ref="A1" pin="16"/>
      <node ref="CON1" pin="3"/>
      <node ref="SW1" pin="1"/>
    </net>
    <net code="44" name="/RESET">
      <node ref="CON1" pin="5"/>
    </net>
    <net code="45" name="/D12">
      <node ref="A1" pin="15"/>
      <node ref="SW2" pin="3"/>
      <node ref="CON1" pin="1"/>
    </net>
    <net code="46" name="/D11">
      <node ref="A1" pin="14"/>
      <node ref="SW2" pin="4"/>
      <node ref="CON1" pin="4"/>
    </net>
    <net code="47" name="/PPM">
      <node ref="A1" pin="6"/>
      <node ref="R1" pin="1"/>
    </net>
  </nets>
</export>
